Master Time (s),imag_part_kohm,impedance_change_speed_ohm_per_s,impedance_magnitude_ohm,impedance_phase_deg,real_part_kohm
0.114753,-81.313553,231.867578,117467.108298,-43.806417,84.773980
0.164418,-81.352468,1638.895147,117542.322013,-43.797536,84.840871
0.247896,-81.172643,1079.046921,117281.278432,-43.798109,84.651641
0.380959,-80.934691,-609.751049,116907.122528,-43.812376,84.361431
0.441182,-80.752453,-2737.989758,116616.661264,-43.825210,84.133745
0.561593,-80.486266,-3328.950946,116221.961530,-43.830080,83.842145
0.675541,-80.369146,-2979.172248,116021.421639,-43.844977,83.676583
0.731400,-80.048413,-3454.650361,115552.635104,-43.847728,83.334645
0.848822,-80.013820,-2651.346342,115521.701952,-43.838675,83.324979
0.965476,-79.877533,-1960.443902,115330.699485,-43.835925,83.191045
1.036048,-79.753859,-1974.998104,115146.976542,-43.838388,83.055091
1.145990,-79.559649,-2286.100270,114846.250489,-43.848129,82.824655
1.259011,-79.500162,-2050.988312,114744.611597,-43.855692,82.740862
1.349005,-79.589331,-1316.977096,114875.225450,-43.854775,82.836319
1.465148,-79.458040,-328.568449,114696.589491,-43.849561,82.714736
1.581923,-80.185762,2745.231941,115773.803969,-43.836841,83.509385
1.610325,-82.610005,9427.094934,119385.177196,-43.785619,86.188210
1.727473,-87.844809,31950.480423,127833.495236,-43.407410,92.869220
1.843847,-90.254332,50065.561398,131657.291811,-43.276890,95.853002
1.932589,-90.770936,47691.059589,132478.008361,-43.249560,96.493833
2.049413,-90.997036,14952.288285,132789.221691,-43.257180,96.708412
2.182496,-91.143168,3717.517465,133008.829677,-43.254602,96.872450
2.332756,-91.203879,1049.105042,133089.647029,-43.257753,96.926295
2.360046,-91.314627,1306.946454,133267.545660,-43.251164,97.066356
2.493425,-90.752571,-1793.280673,132404.904410,-43.268410,96.410734
2.549537,-85.704342,-17753.858284,124567.808678,-43.473070,90.398588
2.683802,-78.110332,-56432.712842,112726.317186,-43.861708,81.277294
2.760317,-76.873761,-81518.962620,110809.213969,-43.927598,79.806683
2.849933,-80.230124,-51359.040037,115800.234174,-43.854718,83.503421
2.966594,-81.911211,23782.317233,118299.790793,-43.820684,85.354519
3.083764,-82.101213,19224.056164,118630.580838,-43.794557,85.630635
3.110864,-81.185071,17819.199870,117316.731258,-43.789916,84.688840
3.227690,-82.871647,8743.402746,119881.666675,-43.731417,86.625078
3.343784,-87.095655,21853.987081,126781.919018,-43.390908,92.130353
3.433747,-92.840140,47610.081074,135468.586275,-43.261248,98.653162
3.567309,-93.088403,49787.530039,135865.494563,-43.247497,98.964549
3.717500,-92.941773,19452.469935,135650.041961,-43.248070,98.806683
3.800890,-92.645928,-732.673678,135181.034433,-43.262910,98.441069
3.878340,-92.974328,-1154.785963,135679.960435,-43.255060,98.817134
3.967752,-93.104220,1471.374211,135891.037211,-43.246523,98.984737
4.051070,-91.519333,-4312.812256,133513.088387,-43.272650,97.210886
4.168452,-85.638378,-27424.696661,124457.885812,-43.479201,90.309654
4.284632,-77.619449,-75834.198741,112295.722334,-43.725630,81.151404
4.362251,-78.395520,-65831.923550,113394.555868,-43.737204,81.929651
4.468073,-81.477695,-20473.485956,117911.905227,-43.709702,85.232638
4.601565,-82.777692,25455.205954,119809.387606,-43.702311,86.614912
4.628822,-82.866496,23716.703667,119972.947195,-43.686325,86.756279
4.762287,-82.402783,4613.062398,119265.509346,-43.702884,86.220897
4.895626,-82.235661,-2978.666318,119080.080677,-43.676929,86.124107
4.952009,-85.906498,8203.788279,124759.161206,-43.517704,90.470558
5.086263,-90.558659,41327.851932,132061.398482,-43.293162,96.121497
5.146244,-91.038026,41090.050150,132849.320288,-43.257065,96.752363
5.235908,-90.780386,40138.235474,132442.811323,-43.269499,96.436611
5.352459,-91.908691,6485.136768,134070.280302,-43.277004,97.609593
5.469135,-91.973732,5563.047374,134148.347305,-43.283765,97.655577
5.585805,-92.201459,5397.699645,134515.638492,-43.269670,97.945638
5.670041,-91.569552,-964.438942,133531.895175,-43.294651,97.189424
5.786264,-83.577394,-38681.642541,121268.170448,-43.566405,87.868016
5.819567,-81.224633,-49248.587547,117714.122037,-43.631379,85.200784
5.962449,-81.030653,-53666.818408,117447.783184,-43.624503,85.017734
6.080207,-82.677420,-1783.284343,119869.489868,-43.608632,86.793656
6.136626,-83.578813,2978.576159,121206.911830,-43.594881,87.782102
6.253282,-83.337717,12209.487096,120867.681951,-43.590183,87.543254
6.370039,-83.594067,3245.005365,121221.648913,-43.598204,87.787927
6.486927,-84.820464,5058.531784,123057.078092,-43.572937,89.154547
6.546830,-89.221395,26599.516954,129964.154047,-43.354296,94.499863
6.663887,-91.270408,43812.462925,133222.412581,-43.243314,97.045988
6.753713,-92.029121,37627.135819,134307.873755,-43.252138,97.822522
6.870461,-92.106603,26457.902137,134434.955753,-43.246523,97.924109
6.987371,-92.108110,3280.679834,134425.580320,-43.251164,97.909819
7.014231,-91.949244,2349.177693,134203.141761,-43.247382,97.753873
7.130941,-90.815517,-4068.229180,132495.613896,-43.268868,96.476057
7.247674,-83.467120,-33727.957084,121000.968277,-43.614706,87.604076
7.337626,-79.562782,-56954.377049,115003.392335,-43.775134,83.039412
7.454562,-80.827753,-49610.916353,116862.941549,-43.760523,84.402733
7.571321,-82.386470,-1993.389154,119250.260330,-43.699045,86.215394
7.654987,-82.641105,15437.883738,119637.362003,-43.690565,86.507492
7.772172,-82.719498,8861.136251,119772.164386,-43.680825,86.619028
7.888354,-83.565949,5184.803979,121032.625823,-43.665069,87.553576
7.921733,-84.927989,9338.949459,123280.861164,-43.542971,89.361107
8.038276,-90.689852,30252.456215,132327.035926,-43.262852,96.362831
8.155023,-92.293736,44616.885187,134731.580604,-43.237126,98.155312
8.238747,-92.390360,41355.964655,134877.081108,-43.235350,98.264176
8.358528,-92.306040,7042.697224,134710.865272,-43.252596,98.115301
8.489207,-92.113632,-972.840746,134449.646561,-43.244747,97.937665
8.563028,-91.826087,-2413.875956,134047.903347,-43.237528,97.656593
8.655715,-92.134294,-1150.865563,134489.671853,-43.240793,97.973179
8.805930,-89.894400,-10075.816908,131120.827769,-43.281588,95.455059
8.837364,-83.996236,-27274.150696,122075.616251,-43.477310,88.583794
8.953265,-77.068118,-56671.480209,111307.037351,-43.819767,80.310409
9.069616,-78.083164,-65227.754696,112750.714586,-43.830653,81.337218
9.189527,-81.473953,-30699.351012,117776.697545,-43.770092,85.049077
9.289845,-82.435366,25461.701967,119182.916184,-43.762529,86.075420
9.368989,-82.580365,22226.375764,119415.994799,-43.751757,86.259279
9.489834,-82.548498,5146.511489,119419.693981,-43.728896,86.294894
9.590107,-83.211586,3715.882603,120452.515107,-43.695435,87.089841
9.668197,-85.814444,11757.893311,124623.111536,-43.518735,90.370355
9.756732,-90.446801,30438.455680,131985.439629,-43.257524,96.122487
9.873613,-91.220311,41151.445284,133146.032377,-43.244632,96.988251
10.024018,-91.493875,21802.115090,133558.110192,-43.239476,97.296658
10.051930,-91.784836,19098.900104,133969.022045,-43.245033,97.587103
10.174134,-92.042767,4182.637032,134381.221010,-43.230709,97.910375
10.407977,-92.468590,3420.104210,135004.927876,-43.229907,98.366104
10.408376,-92.643556,3743.878841,135293.629420,-43.216672,98.597858
10.440850,-92.345201,2746.147866,134789.366094,-43.244059,98.186237
10.619328,-92.219901,-2232.957971,134623.366246,-43.237298,98.076198
10.675459,-88.820459,-15678.437427,129184.873739,-43.436115,93.806490
10.736350,-78.823048,-43906.188771,114137.184488,-43.677559,82.548313
10.885042,-77.234245,-87188.866150,111750.581667,-43.719672,80.765487
10.942039,-78.054135,-66674.722098,112953.775772,-43.711478,81.646234
11.058371,-79.664638,-28056.911346,115306.322507,-43.701050,83.361222
11.174678,-79.730404,13095.240490,115403.201366,-43.700248,83.432378
11.238253,-80.691805,13069.290088,116763.597395,-43.714859,84.395322
11.355308,-86.970417,36757.352276,126417.998202,-43.468773,91.747789
11.471086,-90.450123,59672.390275,131943.880130,-43.276489,96.062286
11.526155,-91.088651,54653.009727,132962.342983,-43.241194,96.859911
11.675415,-91.315081,20538.546549,133318.241680,-43.230939,97.135522
11.792446,-91.399243,3887.396117,133409.899567,-43.243544,97.182198
11.821240,-91.620165,3933.828128,133732.934176,-43.243314,97.417878
11.936818,-91.769584,2564.582174,133961.573494,-43.239075,97.591222
12.055396,-91.479665,813.692606,133504.149313,-43.252883,97.235944
12.142533,-88.847027,-9178.768757,129338.303386,-43.387986,93.992567
12.259229,-79.679041,-57641.369103,115105.261273,-43.806704,83.069077
12.376009,-78.613530,-69053.389342,113403.673438,-43.885428,81.733139
12.404328,-80.164798,-57741.882515,115732.328246,-43.842170,83.472013
12.576230,-81.806311,11283.164407,118194.607482,-43.799141,85.309394
12.693939,-82.492446,16663.902500,119300.449212,-43.746429,86.183487
12.809802,-82.350759,3758.772378,119069.046843,-43.758633,85.998782
12.843164,-82.879916,5036.968982,119919.704064,-43.719500,86.669804
12.959966,-86.947540,18267.214736,126491.002497,-43.423166,91.870011
13.043471,-90.651111,39349.259948,132273.459899,-43.261649,96.325720
13.160250,-91.078190,44034.538577,132951.032061,-43.239590,96.854221
13.277637,-91.450191,19185.179547,133475.182609,-43.247211,97.223901
13.338197,-91.425877,15112.328529,133455.159791,-43.240965,97.219282
13.454109,-91.271627,684.808563,133162.895969,-43.268123,96.963122
13.571466,-91.218090,-1392.401609,133112.930839,-43.256722,96.944894
13.627948,-91.292077,-965.714179,133215.660600,-43.258842,97.016333
13.777392,-91.303826,190.747838,133206.761307,-43.269384,96.993054
13.894190,-91.250629,-12.738406,133128.866562,-43.269499,96.936153
13.921234,-91.186011,-193.149805,133055.655043,-43.260962,96.896433
14.037644,-91.320877,127.834675,133248.199168,-43.262680,97.033912
14.154887,-91.326756,105.797103,133182.217697,-43.292875,96.937747
14.244596,-90.590965,-2445.784159,131926.721887,-43.367589,95.905875
14.361424,-89.332837,-10787.038948,129834.010435,-43.476279,94.215256
14.478215,-86.618468,-22747.771595,125717.157070,-43.550592,91.115556
14.594793,-84.854021,-26282.495758,123071.744674,-43.588006,89.142860
14.621515,-83.996854,-27133.795209,121803.565121,-43.599178,88.207919
14.795477,-83.731333,-13057.476699,121382.974465,-43.615164,87.879977
14.911727,-84.146077,-2397.563422,122015.084080,-43.601356,88.357900
14.945334,-84.636292,-527.873365,122689.203427,-43.617685,88.821949
15.145465,-85.001997,5161.004086,123206.788946,-43.623243,89.188415
15.145816,-85.341147,5812.826446,123728.495276,-43.609950,89.585876
15.329092,-85.846874,4637.192419,124475.031724,-43.604106,90.135164
15.412707,-86.609427,7487.565146,125634.669799,-43.580672,91.010315
15.445649,-88.349239,12267.261285,128289.245293,-43.525095,93.019043
15.562540,-90.472679,32074.775182,131656.092804,-43.408040,95.645288
15.679651,-91.100023,25544.378619,132753.249579,-43.332868,96.561955
15.706731,-91.282152,23857.441128,133142.047061,-43.282791,96.924576
15.823482,-91.312433,12863.657349,133173.629570,-43.287891,96.939441
15.996907,-90.752086,-2243.241423,132177.313572,-43.361057,96.098393
16.029759,-89.516778,-6087.289401,130106.559848,-43.474102,94.416436
16.146413,-87.418257,-19008.199416,126892.645828,-43.544289,91.977127
16.263221,-86.300762,-25169.128479,125202.974799,-43.573682,90.708122
16.347112,-85.675958,-21641.105103,124259.177676,-43.590068,89.999852
16.480135,-85.221228,-9896.213402,123589.928204,-43.594366,89.508729
16.647574,-85.004360,-4810.714718,123254.321518,-43.603705,89.251815
16.697025,-85.270372,-2040.715641,123648.860587,-43.599809,89.543310
16.797245,-85.814066,2349.527672,124426.285418,-43.604622,90.099093
16.876130,-86.429920,4479.559606,125353.336160,-43.589782,90.792774
16.947725,-86.860870,9195.142854,125983.657273,-43.587490,91.252787
17.097573,-87.407381,7733.089023,126807.496985,-43.574083,91.869968
17.175670,-88.886114,10882.490303,129102.674517,-43.510828,93.630974
17.231498,-90.622607,16143.760140,131844.304157,-43.420358,95.762538
17.347687,-91.158565,18814.020742,132743.193069,-43.371714,96.492857
17.497764,-91.431996,11227.925231,133334.841483,-43.293219,97.048287
17.525165,-91.465302,10045.137092,133461.628045,-43.261592,97.191073
17.642054,-91.507702,2602.317557,133476.414978,-43.280614,97.171466
17.758180,-91.328091,-684.527499,133176.389919,-43.296027,96.928482
17.848422,-90.758081,-2963.235557,132141.974145,-43.379105,96.044115
18.009453,-89.018635,-11318.725951,129437.025854,-43.451241,93.966091
18.082271,-86.362901,-22313.569221,125412.602692,-43.521772,90.938277
18.159056,-85.038362,-28878.668086,123383.448349,-43.568411,89.397720
18.265093,-84.488677,-25896.426093,122564.901945,-43.577750,88.790870
18.398766,-84.324749,-16479.528766,122319.640436,-43.581073,88.608302
18.426152,-85.005985,-5936.653373,123309.252839,-43.580443,89.326112
18.542613,-85.730004,2300.705019,124336.125126,-43.590699,90.054642
18.675902,-86.295238,9396.985381,125171.807802,-43.583766,90.670355
18.732392,-86.707210,9304.208702,125820.281722,-43.561707,91.173478
18.866139,-87.053782,6281.961370,126317.478849,-43.564171,91.530020
18.999330,-87.831937,6555.665826,127451.160070,-43.562223,92.354475
19.049285,-88.835622,8819.551791,128994.964637,-43.525324,93.530386
19.199467,-89.980203,13903.593015,130813.233626,-43.460351,94.950857
19.282801,-90.922985,16246.008194,132414.303301,-43.365927,96.262966
19.343023,-91.413808,16237.414021,133330.537433,-43.284224,97.059507
19.460319,-91.449007,9824.075465,133420.980865,-43.268410,97.150590
19.577271,-90.863906,3931.255521,132460.710927,-43.311840,96.382522
19.633295,-89.327095,-5881.650935,129985.188242,-43.409644,94.428911
19.766735,-87.304988,-22371.461073,126838.371099,-43.497020,92.009844
19.900183,-85.668422,-24174.786244,124393.630691,-43.526356,90.192554
19.933537,-84.772613,-24585.014807,123004.464316,-43.565489,89.127450
20.050268,-84.323036,-16462.289476,122313.172207,-43.582849,88.601003
20.167234,-84.013450,-8151.026684,121851.304753,-43.588579,88.258035
20.250506,-84.676748,-4174.831905,122822.887280,-43.584339,88.968028
20.367181,-85.394397,5273.988513,123845.354765,-43.592475,89.696537
20.545221,-85.988999,7448.109080,124719.875288,-43.587146,90.337917
20.545381,-86.780292,8919.077965,125903.561238,-43.571562,91.218900
20.660705,-87.837475,11781.370467,127453.969208,-43.564457,92.353085
20.777699,-89.392085,19785.207054,129936.702980,-43.469346,94.300593
20.834532,-90.876593,22738.324645,132279.814108,-43.393315,96.121766
20.951242,-91.139848,19099.166426,132755.992528,-43.355385,96.528140
21.101501,-91.362199,8504.884800,133257.103998,-43.283479,97.007238
21.180569,-91.372012,3077.931115,133311.479982,-43.267264,97.072685
21.301704,-90.891368,-609.176000,132462.531497,-43.327425,96.359128
21.384878,-89.866398,-8435.432687,130804.948295,-43.395148,95.047172
21.418232,-88.765024,-12127.743179,129078.755460,-43.446829,93.712836
21.568389,-86.375217,-21073.508029,125419.130873,-43.526699,90.935583
21.682486,-84.648843,-25807.042605,122815.061491,-43.569843,88.983778
21.735424,-83.907877,-25161.829206,121684.379537,-43.594767,88.128068
21.868779,-83.537598,-14232.760602,121135.563911,-43.600095,87.722828
22.019568,-83.256950,-5424.104963,120734.688941,-43.597345,87.436522
22.069051,-83.294219,-4585.667518,120774.783127,-43.603648,87.456397
22.169320,-84.127203,2339.628282,121997.579584,-43.596944,88.351702
22.319856,-85.261029,10187.526921,123631.677184,-43.601413,89.528479
22.369334,-86.288596,12294.092662,125166.118113,-43.582047,90.668823
22.452741,-87.302100,15008.141058,126648.635939,-43.576719,91.750860
22.569559,-88.791136,20427.439422,128895.765831,-43.539935,93.435821
22.686890,-90.089751,19388.679319,130928.152771,-43.478743,95.005357
22.746763,-90.899263,18695.687364,132292.524359,-43.401623,96.117823
22.863615,-91.228245,14439.992293,133039.124679,-43.292646,96.833961
22.953084,-91.285052,11182.322076,133156.456639,-43.278666,96.941638
23.069953,-90.596231,2805.848087,132047.526455,-43.321237,96.067020
23.186778,-89.330805,-9654.794774,129992.785596,-43.408727,94.435860
23.213912,-88.219822,-12924.044287,128293.799281,-43.443506,93.148065
23.330689,-85.944977,-21990.893478,124809.785022,-43.519996,90.503831
23.447500,-84.861312,-25097.429918,123109.998994,-43.575745,89.188730
23.537350,-84.302634,-21535.228836,122246.718455,-43.599293,88.528674
23.654201,-83.620199,-10909.732908,121247.828773,-43.603476,87.799193
23.771087,-83.604542,-6109.401121,121195.226347,-43.616940,87.741458
23.854270,-84.101463,-1269.780246,121897.026123,-43.625248,88.237345
23.970921,-85.206124,7241.939117,123516.011888,-43.617341,89.421036
24.087710,-86.001832,11405.363719,124695.132483,-43.606111,90.291534
24.120890,-87.793487,15477.388608,127376.482423,-43.570301,92.287983
24.265507,-91.198825,32803.532510,132840.775039,-43.355843,96.589056
24.382144,-92.012932,31903.508129,134231.178954,-43.273452,97.732440
24.438055,-91.558620,25669.763516,133603.471053,-43.259300,97.298030
24.571362,-91.667373,2499.103224,133779.651862,-43.252253,97.437611
24.705076,-91.824432,-116.391620,134010.003888,-43.251794,97.606121
24.755034,-91.757918,-89.403669,133894.573786,-43.259185,97.510212
24.888329,-91.744357,185.726744,133858.000392,-43.265946,97.472752
24.988638,-91.364548,-2306.438244,133261.096205,-43.283250,97.010510
25.067547,-90.546249,-4847.501596,131948.095118,-43.332123,95.977479
25.189120,-89.265052,-13387.181362,129938.454830,-43.391481,94.423263
25.334130,-88.270557,-14208.567587,128384.661938,-43.436287,93.225159
25.334299,-87.572342,-15598.375482,127303.013247,-43.464476,92.396657
25.450097,-86.072903,-17431.747951,124965.954029,-43.532887,90.597710
25.567705,-85.749984,-15670.128995,124426.285418,-43.563884,90.160084
25.655995,-86.565477,-8646.337955,125618.840261,-43.559874,91.030277
25.772670,-87.496894,6701.413809,126965.920740,-43.561822,92.003470
25.889550,-88.480445,12275.598423,128412.316545,-43.553686,93.064139
25.917508,-89.632406,14754.153279,130177.440259,-43.514667,94.404437
26.033952,-91.707722,20489.919095,133568.599081,-43.361286,97.109548
26.151289,-92.820220,23829.625629,135363.304410,-43.291615,98.527311
26.239691,-93.214412,21282.589094,136029.453629,-43.255404,99.071114
26.389936,-92.328615,3211.537071,134763.293678,-43.244804,98.166044
26.551845,-92.308487,-4094.416990,134735.347713,-43.244231,98.146611
26.551992,-92.201216,-4019.520588,134571.046638,-43.247325,98.021948
26.640189,-92.103188,-1299.910419,134403.397005,-43.257180,97.883992
26.840420,-91.790793,-2716.791746,133869.156259,-43.288750,97.444350
26.840728,-90.458701,-6693.690743,131673.480547,-43.392513,95.682438
26.957838,-89.660543,-11937.071599,130385.253590,-43.445053,94.664150
27.074075,-87.298337,-25713.144886,126641.979141,-43.577234,91.745252
27.135916,-87.462973,-22029.516820,126899.885968,-43.569041,91.944600
27.252165,-87.448876,-11219.847559,126882.900790,-43.567551,91.934567
27.369095,-88.399915,5026.693229,128281.276593,-43.559702,92.959889
27.457697,-89.400583,7784.655169,129825.848679,-43.520912,94.139719
27.574475,-89.805936,11962.732510,130605.234808,-43.441501,94.829432
27.691265,-91.656398,15313.584130,133538.679251,-43.343124,97.116855
27.718489,-93.375182,19978.109778,136223.967739,-43.271275,99.186919
27.834917,-93.130838,18897.731454,135934.801309,-43.244575,99.019782
27.969624,-92.616070,10712.109147,135196.520934,-43.239361,98.490420
28.041663,-92.309602,326.450249,134744.138452,-43.241366,98.157630
28.192391,-92.284619,-3517.896129,134700.509994,-43.244231,98.121233
28.270225,-92.273719,-1502.105377,134649.384543,-43.258326,98.061295
28.341950,-92.108364,-1669.641029,134396.524787,-43.262967,97.869684
28.475968,-91.444391,-5214.539592,133268.774199,-43.327310,96.945807
28.592085,-90.388775,-7997.923120,131521.343772,-43.413254,95.539171
28.625660,-89.306751,-12779.446321,129691.909439,-43.519938,94.044115
28.742324,-88.036804,-21060.758012,127800.722560,-43.539935,92.642030
28.859178,-87.994267,-15504.632627,127692.353485,-43.559816,92.532946
28.942536,-88.736351,-7369.850585,128791.842868,-43.550248,93.344517
29.060146,-89.019842,5039.509746,129223.557981,-43.541711,93.670676
29.176124,-89.318538,5790.255103,129663.701006,-43.538961,93.994011
29.236484,-89.816103,6553.835323,130571.910225,-43.461497,94.773896
29.353403,-91.018235,11355.259251,132505.329298,-43.385408,96.298200
29.470571,-92.318539,16710.563942,134571.986152,-43.315564,97.912751
29.526467,-92.473632,15612.497490,134899.106376,-43.275114,98.216070
29.676601,-92.267098,6258.325989,134660.045544,-43.250190,98.082162
29.810023,-92.391252,415.767295,134864.183933,-43.241023,98.245634
29.837069,-92.376660,379.465834,134816.077220,-43.251737,98.193317
29.987419,-92.464515,886.844060,134944.438127,-43.251680,98.286901
30.093697,-92.421786,198.430732,134873.620648,-43.255060,98.229868
30.121043,-92.527013,391.294433,135016.275742,-43.259415,98.326734
30.327908,-92.662747,911.842578,135218.650663,-43.257696,98.476895
30.405455,-92.737747,1322.418340,135340.177027,-43.252883,98.573190
30.494886,-92.877270,1361.632175,135547.972944,-43.251221,98.727229
30.578150,-92.779182,978.989734,135423.536043,-43.243773,98.648657
30.694417,-93.162781,1796.416764,135967.403108,-43.250133,99.034494
30.727792,-93.274712,2158.410494,136148.275106,-43.243200,99.177522
30.844514,-93.388937,2638.864570,136316.452511,-43.242627,99.300965
30.994571,-93.322958,650.983576,136199.582959,-43.250763,99.202580
31.021893,-92.562457,-1679.991817,135031.409197,-43.274025,98.314154
31.156297,-91.912802,-7914.214187,133903.875293,-43.346504,97.377024
31.274996,-90.232799,-16561.303252,131056.044751,-43.511917,95.045930
31.328240,-85.718963,-29443.882598,123923.914950,-43.765336,89.495229
31.462355,-82.293558,-51904.527915,118814.855293,-43.837873,85.701459
31.612053,-80.217297,-41627.943291,115688.799136,-43.898950,83.361163
31.662071,-79.893436,-36727.656725,115178.168135,-43.919806,82.964145
31.762766,-80.178650,-11390.050746,115629.578078,-43.900612,83.316165
31.895593,-80.945532,4441.138051,116760.532449,-43.888809,84.147744
31.945350,-81.071590,4872.375594,116967.659777,-43.876891,84.313882
32.079057,-81.792124,7567.487293,118049.833595,-43.857010,85.122334
32.195844,-82.549993,8133.346701,119164.495825,-43.847384,85.939954
32.223891,-82.871749,8724.447034,119645.283155,-43.839878,86.297549
32.340358,-83.092735,8090.077254,119972.449377,-43.836154,86.538928
32.456767,-82.886417,4226.161362,119684.656937,-43.831513,86.338051
32.546483,-82.483278,-334.710481,119100.927945,-43.832258,85.915888
32.662986,-82.102054,-4740.412173,118487.165394,-43.861650,85.431031
32.779641,-81.699739,-5454.023768,117909.500961,-43.860275,85.016487
32.806817,-81.144859,-6620.924707,117060.952983,-43.882735,84.372855
32.924955,-80.953422,-6457.271445,116781.990451,-43.884053,84.169928
33.096794,-81.078819,-2037.799495,116973.101740,-43.879240,84.314481
33.130127,-81.198828,-1263.128676,117158.667623,-43.873396,84.456520
33.253110,-81.141790,1006.332962,117080.388048,-43.871505,84.402768
33.363600,-81.081245,-172.029869,116991.324171,-43.872307,84.337427
33.447658,-80.936492,-705.339557,116758.174908,-43.883767,84.153167
33.563926,-80.791914,-1776.796560,116551.788176,-43.882735,84.005869
33.741262,-80.666725,-1555.711385,116385.469936,-43.875974,83.895513
33.741417,-80.593061,-1634.909246,116287.169420,-43.872193,83.829973
33.857708,-80.556167,-1072.755110,116242.520997,-43.868125,83.803506
34.048320,-80.574479,-343.773893,116233.642153,-43.884855,83.773581
34.048687,-80.280859,-1042.511928,115804.176555,-43.887663,83.460117
34.181460,-79.576138,-4176.852050,114778.319351,-43.892132,82.714574
34.242310,-79.404592,-4935.223724,114494.473360,-43.909664,82.485728
34.364782,-79.288030,-5725.738555,114363.592515,-43.891731,82.416258
34.464801,-79.189397,-1898.658272,114184.062796,-43.909722,82.262018
34.614962,-79.190443,-758.177496,114232.333569,-43.887147,82.328001
34.665100,-79.253104,-200.442617,114282.452005,-43.906570,82.337260
34.749216,-79.215639,-146.595746,114250.389200,-43.895971,82.328816
34.881975,-79.302529,436.806570,114366.080533,-43.900612,82.405760
34.959423,-79.278974,334.732873,114337.813966,-43.897861,82.389198
35.065221,-79.476676,1114.076152,114639.743263,-43.889783,82.617968
35.181956,-80.045685,3565.790479,115418.634159,-43.909779,83.151365
35.208961,-80.285142,4387.484990,115790.495326,-43.897117,83.437011
35.415968,-80.550688,4150.558935,116174.562307,-43.896601,83.714489
35.443688,-80.741647,4270.252473,116511.866023,-43.867323,83.998817
35.532509,-80.572149,2446.662735,116246.960927,-43.876948,83.794300
35.649304,-83.274251,16586.975317,120282.642064,-43.814152,86.794661
35.766129,-88.289087,33234.447547,128501.348294,-43.398414,93.368269
35.850087,-91.058828,54305.179376,132915.277749,-43.242627,96.823349
35.966270,-91.556221,42988.269492,133687.794448,-43.223891,97.416039
36.083113,-91.905528,16030.941376,134211.551689,-43.218391,97.806516
36.199781,-92.110607,4530.753016,134501.871796,-43.222058,98.012191
36.259526,-92.242762,3396.619600,134714.631222,-43.214151,98.179961
36.376591,-92.085699,1029.023189,134483.103569,-43.215010,98.009842
36.434328,-92.064128,405.690250,134389.965598,-43.239705,97.902294
36.550498,-90.346253,-6846.984746,131807.339897,-43.270358,95.972545
36.667233,-82.752051,-48733.767118,119986.887783,-43.604450,86.884701
36.727291,-76.136298,-68066.627033,109710.330002,-43.945646,78.991269
36.843935,-77.689438,-71655.124301,112005.781260,-43.917342,80.682379
36.977385,-81.481465,1143.728535,117654.246127,-43.832315,84.872213
37.035086,-82.819161,9663.206311,119664.347726,-43.796219,86.374433
37.167529,-82.907889,24457.972570,119804.919598,-43.790546,86.484107
37.350879,-83.024666,4953.281764,120083.066461,-43.740527,86.757407
37.351115,-83.774651,6268.689346,121291.571815,-43.684607,87.712332
37.484446,-88.799419,28122.055631,129449.195645,-43.312642,94.190007
37.568408,-92.483589,65900.208098,135025.103179,-43.230595,98.379694
37.628635,-92.747029,57296.043222,135401.656253,-43.233803,98.648858
37.818631,-92.439571,12755.804724,134952.941223,-43.233746,98.322032
37.895464,-92.103471,-1963.557334,134448.396154,-43.239304,97.945505
37.951527,-92.284035,-1672.984433,134698.941152,-43.244518,98.119629
38.085577,-92.382852,1.677366,134832.423363,-43.248815,98.209934
38.166947,-92.482145,622.579283,135004.612685,-43.237929,98.352928
38.251869,-88.971271,-9782.199054,129585.537655,-43.360255,94.215310
38.368547,-79.082976,-74815.152088,114188.121383,-43.833690,82.369958
38.485437,-75.770566,-73236.348380,109158.407795,-43.958251,78.577219
38.512647,-77.454420,-75127.490918,111683.889513,-43.908977,80.461817
38.645813,-81.395203,-30945.754877,117518.673040,-43.837472,84.767090
38.778945,-82.498181,33651.220975,119214.120982,-43.789973,86.058449
38.835758,-82.594321,28394.213237,119362.012834,-43.785848,86.171157
38.969527,-82.700865,6126.199338,119538.436030,-43.775535,86.313410
39.085985,-82.842391,1960.782187,119849.117885,-43.726948,86.608021
39.119337,-86.702081,13281.103377,126166.173366,-43.409300,91.655074
39.263376,-91.772758,51734.971598,133936.440747,-43.251049,97.553734
39.379452,-92.396422,48161.303532,134891.239383,-43.233230,98.277910
39.436474,-92.333558,39260.389356,134788.423542,-43.237642,98.195892
39.553236,-92.219880,2153.698551,134606.444079,-43.244059,98.052989
39.669976,-92.259941,-780.572877,134678.235854,-43.238731,98.113865
39.730751,-92.594799,394.174929,135159.864755,-43.241596,98.460105
39.846536,-92.447977,1441.966649,134947.272374,-43.240908,98.306347
39.963889,-91.565730,-3878.389773,133600.075636,-43.264858,97.286676
40.080312,-84.953639,-31966.255844,123187.891153,-43.600554,89.208384
40.170446,-77.943585,-71127.033202,112187.662094,-44.008156,80.689956
40.303829,-78.771288,-62951.214555,113298.576840,-44.047461,81.434954
40.331720,-81.596452,-46500.319118,117470.449086,-43.996353,84.506364
40.448111,-81.930146,-7615.743477,117928.016334,-44.007067,84.820211
40.564339,-81.859412,15478.206184,117836.938311,-44.002025,84.761906
40.654143,-82.284676,9882.467526,118499.548629,-43.978477,85.272358
40.771159,-82.428072,2879.649442,118745.563402,-43.960085,85.475855
40.888002,-82.520426,3211.828026,118946.341455,-43.928629,85.665696
40.915397,-82.997883,4324.321075,119776.133760,-43.863427,86.357824
41.032422,-85.368682,12259.432942,123758.152979,-43.614476,89.600605
41.149021,-91.013981,37478.039896,132742.583633,-43.286172,96.628405
41.238136,-92.684225,49391.011523,135256.604201,-43.255060,98.508799
41.419064,-92.731534,27672.599592,135335.425804,-43.251164,98.572512
41.489028,-92.589760,5795.458674,135156.389770,-43.240049,98.460074
41.638690,-91.834707,-6456.986210,133976.161017,-43.271447,97.549978
41.688682,-91.775346,-6133.896295,133823.614840,-43.298032,97.396334
41.772424,-91.589818,-5667.259294,133492.746025,-43.322440,97.116520
41.834706,-91.204517,-6164.655974,132900.309434,-43.334988,96.665549
41.950497,-90.966422,-5254.417461,132414.909727,-43.391539,96.222754
42.066865,-90.714173,-4978.690044,131997.189450,-43.412280,95.886375
42.155779,-90.127472,-5858.504483,130980.347638,-43.479831,95.041519
42.272404,-89.203175,-9959.962663,129245.508596,-43.644671,93.526441
42.389038,-87.035126,-22006.820387,124730.367050,-44.249657,89.345125
42.417150,-81.475189,-48323.693736,109883.156018,-47.856885,73.729923
42.533016,-77.990560,-75823.788863,103774.986697,-48.723541,68.459626
42.678642,-76.539531,-63915.508414,101605.129159,-48.877380,66.822919
42.772990,-77.260032,-44502.963245,102756.140349,-48.753278,67.747412
42.873190,-77.684863,-395.904398,103504.349940,-48.637769,68.397460
43.007328,-77.776988,6011.178258,103613.957443,-48.646020,68.458691
43.084164,-77.639988,1822.771304,103344.897618,-48.700566,68.207038
43.174001,-77.685671,-399.042153,103443.063568,-48.677017,68.303762
43.290013,-77.707618,-290.386762,103471.012999,-48.677819,68.321129
43.317904,-78.870972,5493.861824,106243.917596,-47.932630,71.183845
43.434450,-82.584713,30736.007047,115280.347075,-45.756536,80.432105
43.551483,-88.853129,71544.972005,129220.381536,-43.441157,93.824455
43.640821,-90.578795,86084.504347,132129.896623,-43.277176,96.196629
43.757361,-91.080247,53021.092829,132896.949663,-43.262738,96.778034
43.874106,-91.133605,10697.841460,132977.631072,-43.261592,96.838610
43.957501,-90.848788,1360.116735,132528.105355,-43.275400,96.489360
44.074328,-90.105504,-5040.230848,131307.212589,-43.331550,95.512210
44.191677,-88.736426,-12839.380519,128879.965627,-43.513063,93.465995
44.224439,-84.325810,-32424.996446,117895.077428,-45.664634,82.391790
44.341181,-78.692159,-70847.723237,104614.378409,-48.782327,68.932665
44.485322,-76.539967,-87271.945208,101202.719579,-49.139394,66.208941
44.541437,-76.257923,-72285.915811,100770.108736,-49.178642,65.873697
44.691850,-77.233119,-6544.198208,102285.563975,-49.031792,67.062523
44.768478,-77.850595,8274.432929,103353.578990,-48.872281,67.979756
44.825805,-78.269658,9455.864753,104205.102550,-48.686757,68.793634
44.958609,-78.307742,7021.485953,104215.055945,-48.712254,68.765365
45.092778,-77.754621,-1184.761442,103120.612198,-48.939489,67.735364
45.125697,-77.970389,-1325.476392,103387.949369,-48.951464,67.894672
45.242177,-80.267706,18037.857653,109605.939432,-47.082074,74.636167
45.358909,-86.737290,81640.209794,124985.941624,-43.945703,89.989600
45.442389,-90.162984,85387.088615,131421.209569,-43.319117,95.614699
45.559104,-90.839846,72501.987549,132482.561068,-43.288635,96.435219
45.676643,-91.003073,21630.545787,132765.441332,-43.270415,96.670074
45.736458,-90.413846,15253.272095,131859.035532,-43.289552,95.979902
45.852430,-88.833183,-10890.579468,129332.517887,-43.381970,93.997690
45.969522,-85.773602,-31066.295968,123543.984091,-43.969538,88.915719
46.086491,-80.177722,-65149.173796,108456.987979,-47.668267,73.037327
46.176444,-79.271708,-77902.202815,106312.086779,-48.215041,70.839650
46.293107,-80.036377,-41387.201989,109721.779304,-46.840172,75.053629
46.324731,-81.247287,-24384.530864,113494.038833,-45.714768,79.245033
46.441527,-82.188268,23392.167187,115409.650390,-45.409611,81.021454
46.556680,-82.876574,28355.701065,116972.391890,-45.114136,82.547041
46.643648,-83.502277,22434.516364,119015.622980,-44.556133,84.806180
46.760400,-84.100052,15625.708755,120206.630283,-44.397251,85.888388
46.877197,-83.463003,3299.511656,117941.485713,-45.045209,83.331394
46.906024,-83.429873,-508.319826,117019.734088,-45.475902,82.055313
47.077392,-82.698822,-14535.439408,115511.317667,-45.720039,80.645951
47.194710,-81.674953,-14006.180244,113054.254702,-46.256328,78.169474
47.227554,-81.749448,-15469.163784,112001.876322,-46.877471,76.560095
47.360880,-84.204529,8521.906969,117850.867254,-45.602296,82.452557
47.477776,-87.960404,52348.142566,127473.074632,-43.632582,92.262409
47.505877,-89.298442,57114.702929,130068.808018,-43.357448,94.571048
47.639120,-89.742271,46076.344813,130822.407894,-43.313158,95.188378
47.773369,-89.780900,8767.048225,130875.110871,-43.314648,95.224391
47.844695,-89.263512,5182.587122,130072.904056,-43.334587,94.609649
47.978090,-88.540252,-6228.742058,128784.672054,-43.433021,93.520669
48.112502,-87.300635,-13364.611409,126232.548784,-43.755768,91.177056
48.144925,-85.757267,-18702.667348,122853.417389,-44.270399,87.969616
48.261854,-82.199362,-58988.365486,111923.618063,-47.258545,75.961577
48.378513,-81.165722,-61516.836995,110397.117870,-47.325467,74.830804
48.406432,-81.797927,-46380.903664,113984.646103,-45.858523,79.382609
48.523038,-83.711544,-10581.138302,118610.141176,-44.891829,84.028228
48.696221,-85.817095,39628.900518,123910.372136,-43.834206,89.382361
48.728928,-86.574629,39123.101052,125467.297200,-43.631493,90.812313
48.845668,-87.467922,27013.525081,127066.916740,-43.500515,92.170298
48.962503,-88.128708,14512.163946,128092.877969,-43.472498,92.957604
49.045745,-88.229493,11324.891781,128084.082525,-43.538388,92.849819
49.162709,-86.753611,-6079.550559,125009.718979,-43.945589,90.006893
49.280096,-84.142774,-32326.792467,117888.828326,-45.540589,82.569785
49.340061,-83.020838,-36870.077544,114950.126105,-46.239196,79.505169
49.456567,-83.341586,-33892.644805,115246.114169,-46.316144,79.598033
49.573606,-87.756579,27740.882862,126017.426870,-44.137644,90.438790
49.629933,-91.335554,44685.609727,133176.389919,-43.300438,96.921450
49.763468,-92.104224,63770.184770,134446.207999,-43.240622,97.941792
49.896771,-92.345095,21881.395663,134784.339301,-43.246007,98.179435
49.946757,-92.364399,17763.576290,134809.791297,-43.247096,98.196220
50.080237,-92.321661,969.367530,134757.012676,-43.243257,98.163962
50.213818,-92.180508,-808.993858,134529.095032,-43.252023,97.983832
50.313836,-91.490806,-3288.983754,133474.874520,-43.271275,97.185259
50.390831,-90.512575,-8893.723575,131877.078435,-43.341118,95.911613
50.480719,-89.532371,-16742.672505,130133.204168,-43.472440,94.438368
50.508194,-87.036648,-28852.282789,124243.959782,-44.469559,88.663315
50.624608,-83.003824,-58834.219394,115219.706696,-46.087190,79.912114
50.864350,-84.560475,-22507.960010,119348.463386,-45.114423,84.223404
50.864657,-86.581528,-11194.804884,124776.120994,-43.939229,89.848314
50.964756,-90.267084,42525.523240,131413.742981,-43.384606,95.506153
51.098701,-93.274661,61783.675157,136177.451706,-43.231626,99.217620
51.147948,-93.498006,53022.053097,136500.188223,-43.232944,99.450612
51.281443,-93.593796,16162.276590,136602.406087,-43.247783,99.500848
51.398759,-93.562012,1051.425848,136559.501092,-43.246408,99.471841
51.478252,-93.429999,318.082906,136333.485961,-43.259586,99.285723
51.598471,-92.649229,-4995.830292,134981.607697,-43.344556,98.163918
51.699286,-91.840324,-10100.167839,133612.114710,-43.421905,97.044073
51.777883,-90.287601,-14532.541204,130726.289972,-43.682487,94.538415
51.865388,-87.126791,-31229.894636,123075.411866,-45.065435,86.928012
52.099026,-84.729089,-39746.918895,117888.347653,-45.949165,81.967335
52.099459,-89.376243,-15155.386259,129474.411779,-43.653896,93.677694
52.127007,-91.771471,-847.222837,133836.003994,-43.290755,97.417006
52.243946,-92.415829,30458.440865,134896.903526,-43.242283,98.267436
52.332508,-92.544028,44229.199423,135102.708164,-43.234835,98.429389
52.465943,-92.622895,27854.182728,135220.864035,-43.233631,98.517417
52.643729,-92.743110,1127.404061,135375.346450,-43.241997,98.616428
52.643887,-92.756158,1167.802021,135429.244978,-43.228131,98.678141
52.776686,-92.807390,838.996216,135476.520757,-43.239075,98.694864
52.949770,-92.766146,126.872642,135434.319990,-43.231913,98.675717
52.950082,-92.780413,51.344213,135408.631650,-43.250419,98.627038
53.066683,-92.819626,15.984921,135493.662411,-43.239361,98.706887
53.183428,-92.842260,636.431059,135570.535725,-43.221943,98.791118
53.243736,-92.847170,419.409513,135513.984063,-43.247268,98.708880
53.361472,-92.648803,-989.784194,135201.894631,-43.256263,98.467008
53.477614,-92.181783,-3465.553442,134550.693711,-43.244117,98.012286
53.533751,-91.486951,-5435.844838,133450.539994,-43.278838,97.155465
53.650614,-91.454741,-6870.735296,133353.290557,-43.299178,97.052204
53.767301,-91.105023,-5512.639720,132656.100428,-43.375438,96.423626
53.827279,-89.311091,-10860.422836,129603.254166,-43.559816,93.917690
